<?xml version="1.0"?>
<info>
    <id>flowupload</id>
    <name>Flow Upload</name>
    <description>Provides functions to upload large files with your HTML5-Browser.</description>
    <version>0.1.0</version>
    <licence>agpl</licence>
    <author>Patrick Schwarz</author>
    <author>e-alfred</author>
    <category>tools</category>
    <website>https://github.com/e-alfred/flowupload</website>
    <repository>https://github.com/e-alfred/flowupload</repository>
    <bugs>https://github.com/e-alfred/flowupload/issues</bugs>
    <documentation>https://github.com/e-alfred/flowupload</documentation>
    <screenshot>https://github.com/e-alfred/flowupload/raw/master/appinfo/flowupload.gif</screenshot>
    <dependencies>
        <nextcloud min-version="14" max-version="16"/>
    </dependencies>
</info>
